<?xml version="1.0" encoding="UTF-8" standalone="yes"?>
<addon id="plugin.program.MediaHubWizard" name="[COLOR blue]M[/COLOR][COLOR white]edia Hub IPTV Wizard[/COLOR]" version="1.4" provider-name="sClarke">
  <requires>
    <import addon="xbmc.python" version="2.1.0"/>
  </requires>
  <extension point="xbmc.python.pluginsource" library="default.py">
    <provides>executable</provides>
  </extension>
  <extension point="xbmc.service" library="startup.py" start="startup" />
  <extension point="xbmc.addon.metadata">
    <summary lang="en">[COLOR blue]M[/COLOR][COLOR white]edia Hub IPTV Wizard[/COLOR]</summary>
    <description lang="en">MediaHub IPTV Wizard, Bringing you Custom Builds.</description>
    <platform>all</platform>
  </extension>
</addon>