<?xml version="1.0" encoding="UTF-8" standalone="yes"?>
<addon id="plugin.program.muttsnutswizard" name="Mutts Nuts Wizard" version="1.0" provider-name="Mutts Nuts">
  <requires>
    <import addon="xbmc.python" version="2.1.0"/>
  </requires>
  <extension point="xbmc.python.pluginsource" library="default.py">
    <provides>executable</provides>
  </extension>
  <extension point="xbmc.service" library="startup.py" start="startup" />
  <extension point="xbmc.addon.metadata">
    <summary lang="en">Mutts Nuts Wizard</summary>
    <description lang="en">Mutts Nuts Wizard, Bringing you custom Kodi Builds.</description>
    <platform>all</platform>
  </extension>
</addon>